﻿ <root>
 
	<WidgetButton Name="ButtonHelpTable" NomalTexture="ScenceHome/Button_Title2.png" PressTexture="ScenceHome/Button_Title2.png" DisableTexture="ScenceHome/table_red.png">
		<Property Key="FontSize" Value="30"/>
	</WidgetButton>
	
	<WidgetNodeUI Name="HelpListItem">
		<Property Key="Size" Value="1130 1050"/>
		<WidgetNode Name="">
			<Property Key="Pos" Value="0 1400"/>
		<WidgetTxt Name="WinImagic" ShowTxt="
基本规则
一、游戏人数：3人
二、游戏牌数：一副牌去掉大小王、去掉一个A、去掉3个2，共剩48张牌，每人16张牌；一手牌中只有1个2，3个A
三、出牌顺序
每局（一局8盘）首盘游戏由第一个拿到黑桃3的玩家先出牌，可以出任意的牌型（打出的牌中必须包含黑桃3），然后其他玩家依次出牌(要的起的情况下，必须要出牌)。第二盘开始赢家先出（不需要黑桃3）
四、牌型
1、单张：任意1张单牌
2、顺子：任意5张或者5张以上点数相连的牌。特殊：2是最大的单牌，不能当顺子出！
3、对子：可以打单对，如：44
4、连对：2对或2对以上点数相连的牌，如：5566
5、三带二：点数相同的3张牌＋一对牌或者点数相同的3张牌＋2张不同的单牌，如：55577  或者55567
6、三带一：打到最后剩4张牌的时候，才可以3带1
7、没打完的情况下，不可以出3张点数相同的牌！最后只剩3张牌的时候可以不带
8、飞机：两顺或以上＋数量相同的对牌，如：555666＋99JJ；
也可以带4张单牌，如：555666+78910
9、在有牌情况下，出555666必须带4张牌，除非牌不够不带或者带少牌
10、炸弹：4张点数相同的牌，如6666，7777
11、关门：有一家牌已经出完，另一家或者两家1张牌都没出，此时的状态称为关门
12、 报单放走包赔
14、牌型的比较点数大小，从大到小依次为：2、A、K、Q、J、10、9、8、7、6、5、4、3
五、积分规则：
一张牌1分
1个炸10分
报单不出不进
4、关门：被关门者剩余牌的张数*2（和炸弹可累加）
" FontName="" FontSize="30">
			<Property Key="Dimensions" Value="1100 1100"/>
			<Property Key="IsTop" Value="true"/>
			<Property Key="IsLeft" Value="true"/>
			<Property Key="Pos" Value="575 -900"/>
			<Property Key="Color" Value="240 240 224"/>
		</WidgetTxt>
		</WidgetNode>
	</WidgetNodeUI>
 </root>
