 <root>
	<LoadSkin Skin="GamePDK/xml/GameSkin.xml"/>
	<Widget Name="GamePDKPlane" SkinTempName="Empty">
		<Widget SkinTempName="ImagicEmpty">
			<Property Key="ImagicTexture" Value="GamePDK/room1_n.png"/>
			<Property Key="Pos" Value="640 360"/>
		</Widget>
		<Widget SkinTempName="ImagicEmpty">
			<Property Key="ImagicTexture" Value="GamePDK/room4_n.png"/>
			<Property Key="Pos" Value="640 360"/>
		</Widget>
		<Widget Name="Player1" SkinTempName="Empty">
			<Property Key="Pos" Value="1180 580"/>
			<UserInfo Key="CardImgPath" Value="GamePDK/poker/"/>

            <Widget Name="" SkinTempName="TxtEmpty">
				<Property Key="FontSize" Value="46"/>
                <Property Key="ShowTxt" Value="111111111"/>
                <UserInfo Key="Txt" Value="#局"/>
                <Property Key="Pos" Value="1180 580"/>
                <Property Key="AnchorPos" Value="0 0.5"/>
            </Widget>

            <Widget Name="Head" SkinTempName="PDK_PLAYER_HEAD">
				<Property Key="Pos" Value="0 0"/>
				<Property Key="Scale" Value="0.8"/>
                <Property Key="ChildProperty" Value="TalkTxtNode:Pos:-180 30"/>
                <Property Key="ChildProperty" Value="public_9sprite:FlipX:true"/>
                <Property Key="ChildProperty" Value="BiaoQingNode:Pos:-100 0"/>
			</Widget>
			
            <Widget Name="CardNodeHand" SkinTempName="Empty">
				<Property Key="Pos" Value="-100 0"/>
				<Widget Name="PDK_card" SkinTempName="PDK_CardBack">
					<Property Key="Pos" Value="0 -30"/>
				</Widget>
				<Widget Name="HandCardNum" SkinTempName="TxtEmpty">
					<Property Key="ShowTxt" Value="16"/>
					<Property Key="FontSize" Value="30"/>
					<Property Key="Pos" Value="0 -90"/>
					<Property Key="Color" Value="255 255 0"/>
				</Widget>
			</Widget>
			<Widget Name="CardNodeOut" SkinTempName="OutCardNodeOther">
				<UserInfo Key="OderAdd" Value="1"/>
				<UserInfo Key="AddPosX" Value="60"/>
				<UserInfo Key="CardWidth" Value="155"/>
				
				<Property Key="Scale" Value="0.7"/>
				<Property Key="Pos" Value="-200 -40"/>
				<UserInfo Key="OutFromPos" Value="-80 -40"/>
				<UserInfo Key="OutToPos" Value="-200 -40"/>
				<UserInfo Key="CardScale" Value="1"/>
			</Widget>
			
			<Widget Name="" SkinTempName="PDK_PlayerStatusNode">
				<Property Key="Pos" Value="-200 -40"/>
			</Widget>
		
			<Widget Name="PlayerClock" SkinTempName="PDK_PlayerClock">
				<Property Key="Pos" Value="-200 -40"/>
			</Widget>
			
			<Widget Name="PlayerPass" SkinTempName="PDK_PlayerPass">
				<Property Key="Pos" Value="-220 -40"/>
			</Widget>
			
			<Widget Name="AnimateNode" SkinTempName="Empty">
				<Property Key="Pos" Value="-220 -110"/>
			</Widget>
			
		</Widget>
		<Widget Name="Player2" SkinTempName="Empty">
			<Property Key="Pos" Value="100 580"/>
			<UserInfo Key="CardImgPath" Value="GamePDK/poker/"/>
            
            <Widget Name="" SkinTempName="TxtEmpty">
                <Property Key="FontSize" Value="46"/>
                <Property Key="ShowTxt" Value="2222222"/>
                <UserInfo Key="Txt" Value="#局"/>
                <Property Key="Pos" Value="100 580"/>
                <Property Key="AnchorPos" Value="0 0.5"/>
            </Widget>
            
			<Widget Name="Head" SkinTempName="PDK_PLAYER_HEAD">
				<Property Key="Pos" Value="0 0"/>
				<Property Key="Scale" Value="0.8"/>
                <Property Key="ChildProperty" Value="TalkTxtNode:Pos:180 30"/>
                <Property Key="ChildProperty" Value="BiaoQingNode:Pos:100 0"/>
			</Widget>
			
			<Widget Name="CardNodeHand" SkinTempName="Empty">
				<Property Key="Pos" Value="100 0"/>
                <Widget Name="PDK_card" SkinTempName="PDK_CardBack">
                    <Property Key="Pos" Value="0 -30"/>
                </Widget>
				<Widget Name="HandCardNum" SkinTempName="TxtEmpty">
					<Property Key="ShowTxt" Value="16"/>
					<Property Key="FontSize" Value="30"/>
					<Property Key="Pos" Value="0 -90"/>
					<Property Key="Color" Value="255 255 0"/>
				</Widget>
			</Widget>
			<Widget Name="CardNodeOut" SkinTempName="OutCardNodeOther">
				<UserInfo Key="OderAdd" Value="1"/>
				<UserInfo Key="AddPosX" Value="60"/>
				<UserInfo Key="CardWidth" Value="155"/>
				<Property Key="Scale" Value="0.7"/>
				<Property Key="Pos" Value="200 -40"/>
				<UserInfo Key="OutFromPos" Value="80 -40"/>
				<UserInfo Key="OutToPos" Value="200 -40"/>
				<UserInfo Key="CardScale" Value="1"/>
				
				<Widget Name="" SkinTempName="ImagicEmpty">
					<Property Key="ImagicTexture" Value="GamePDK/poker/p0_1.png"/>
					<Property Key="Pos" Value="0 0"/>
				</Widget>
			</Widget>
			
			<Widget Name="" SkinTempName="PDK_PlayerStatusNode">
				<Property Key="Pos" Value="200 -40"/>
			</Widget>
			
			<Widget Name="PlayerClock" SkinTempName="PDK_PlayerClock">
				<Property Key="Pos" Value="200 -40"/>
			</Widget>
			<Widget Name="PlayerPass" SkinTempName="PDK_PlayerPass">
				<Property Key="Pos" Value="220 -40"/>
			</Widget>
			
			<Widget Name="AnimateNode" SkinTempName="Empty">
				<Property Key="Pos" Value="220 -110"/>
			</Widget>
		</Widget>
		
			
		<Widget Name="Player0" SkinTempName="Empty">
			<Property Key="Pos" Value="640 0"/>
			
            <Widget Name="" SkinTempName="TxtEmpty">
                <Property Key="FontSize" Value="46"/>
                <Property Key="ShowTxt" Value="000000000"/>
                <UserInfo Key="Txt" Value="#局"/>
                <Property Key="Pos" Value="640 0"/>
                <Property Key="AnchorPos" Value="0 0.5"/>
            </Widget>
            
			<Widget Name="Head" SkinTempName="PDK_PLAYER_HEAD">
				<Property Key="Pos" Value="-540 340"/>
                <Property Key="ChildProperty" Value="TalkTxtNode:Pos:180 30"/>
                <Property Key="ChildProperty" Value="BiaoQingNode:Pos:100 0"/>
			</Widget>
            
			<Widget Name="CardNodeHand" SkinTempName="HandCardNodeSelf">
				<UserInfo Key="OderAdd" Value="1"/>
				<UserInfo Key="AddPosX" Value="70"/>
				<UserInfo Key="CardWidth" Value="155"/>
				<Property Key="Pos" Value="0 108"/>
			</Widget>
			
			<Widget Name="CardNodeOut" SkinTempName="Empty">
				<UserInfo Key="OderAdd" Value="1"/>
				<UserInfo Key="AddPosX" Value="60"/>
				<UserInfo Key="CardWidth" Value="155"/>
				<UserInfo Key="OutToPosY" Value="250"/>
				<UserInfo Key="CardScale" Value="0.8"/>
				<Property Key="Pos" Value="0 108"/>
			</Widget>
		
			<Widget Name="" SkinTempName="PDK_PlayerStatusNode">
				<Property Key="Pos" Value="0 300"/>
			</Widget>
			
			<Widget Name="PlayerClock" SkinTempName="PDK_PlayerClock">
				<Property Key="Pos" Value="0 400"/>
			</Widget>
			
			<Widget Name="PlayerPass" SkinTempName="PDK_PlayerPass">
				<Property Key="Pos" Value="0 400"/>
			</Widget>
			<Widget Name="PlayerMeiYouDaPai" SkinTempName="PDK_MeiYou">
				<Property Key="Pos" Value="0 80"/>
			</Widget>
			
			<Widget Name="AnimateNode" SkinTempName="Empty">
				<Property Key="Pos" Value="0 480"/>
			</Widget>
		</Widget>
		
		<Widget Name="ActionNode" SkinTempName="Empty">
			<Widget Name="PDKButton_TiShi" SkinTempName="ButtonEmpty">
				<Property Key="NomalTexture" Value="GamePDK/tishi1.png"/>
				<Property Key="PressTexture" Value="AutoPress"/>
				<Property Key="Pos" Value="500 320"/>
			</Widget>
			<Widget Name="PDKButton_OutCard" SkinTempName="ButtonEmpty">
				<Property Key="NomalTexture" Value="GamePDK/chupai.png"/>
				<Property Key="PressTexture" Value="AutoPress"/>
				<Property Key="Pos" Value="780 320"/>
			</Widget>
		</Widget>
		<Widget Name="PrivateInfo" SkinTempName="Empty">
			<Property Key="Visible" Value="false"/>
			<Widget Name="" SkinTempName="TxtEmpty">
				<Property Key="FontSize" Value="26"/>
				<Property Key="ShowTxt" Value="房号:"/>
				<Property Key="Pos" Value="10 698"/>
				<Property Key="AnchorPos" Value="0 0.5"/>
			</Widget>
			<Widget Name="RoomID" SkinTempName="TxtEmpty">
				<Property Key="FontSize" Value="26"/>
				<Property Key="ShowTxt" Value="24561"/>
				<Property Key="Pos" Value="72 698"/>
				<Property Key="AnchorPos" Value="0 0.5"/>
			</Widget>
			<Widget Name="RoomNum" SkinTempName="TxtEmpty">
				<Property Key="FontSize" Value="26"/>
				<Property Key="ShowTxt" Value="2/5局"/>
				<UserInfo Key="Txt" Value="#局"/>
				<Property Key="Pos" Value="180 698"/>
				<Property Key="AnchorPos" Value="0 0.5"/>
			</Widget>
			
			<Widget Name="RoomGameRule0" SkinTempName="TxtEmpty">
				<Property Key="FontSize" Value="22"/>
				<Property Key="ShowTxt" Value=""/>
				<Property Key="Pos" Value="275 698"/>
				<Property Key="AnchorPos" Value="0 0.5"/>
			</Widget>
			
			<Widget Name="RoomGameRule1" SkinTempName="TxtEmpty">
				<Property Key="FontSize" Value="22"/>
				<Property Key="ShowTxt" Value=""/>
				<Property Key="Pos" Value="375 698"/>
				<Property Key="AnchorPos" Value="0 0.5"/>
			</Widget>
			
			<Widget Name="RoomGameRule2" SkinTempName="TxtEmpty">
				<Property Key="FontSize" Value="22"/>
				<Property Key="ShowTxt" Value=""/>
				<Property Key="Pos" Value="465 698"/>
				<Property Key="AnchorPos" Value="0 0.5"/>
			</Widget>
			
			<Widget Name="RoomGameRule3" SkinTempName="TxtEmpty">
				<Property Key="FontSize" Value="22"/>
				<Property Key="ShowTxt" Value=""/>
				<Property Key="Pos" Value="622 698"/>
				<Property Key="AnchorPos" Value="0 0.5"/>
			</Widget>
			
			<Widget Name="NNButton_GameExit" SkinTempName="ButtonEmpty">
				<Property Key="NomalTexture" Value="GamePrivate/btn_back_sala.png"/>
				<Property Key="PressTexture" Value="AutoPress"/>
				<Property Key="Pos" Value="1160 665"/>
			</Widget>
			<Widget Name="Button_DismissPrivate" SkinTempName="ButtonEmpty">
				<Property Key="NomalTexture" Value="GamePrivate/btn_dismiss_room.png"/>
				<Property Key="PressTexture" Value="AutoPress"/>
				<Property Key="Pos" Value="1160 665"/>
			</Widget>
			<Widget Name="NNButton_WeiXinFriend" SkinTempName="ButtonEmpty">
				<Property Key="NomalTexture" Value="GamePrivate/btn_weixin_invite.png"/>
				<Property Key="PressTexture" Value="AutoPress"/>
				<Property Key="Pos" Value="640 400"/>
			</Widget>
			<Widget Name="TalkImagic" SkinTempName="ImagicEmpty">
				<Property Key="ImagicTexture" Value="GamePrivate/play_huatong.png"/>
				<Property Key="Pos" Value="640 400"/>
				<Property Key="Visible" Value="false"/>
			</Widget>
			<Widget Name="HNMJButton_Talk" SkinTempName="NNButtonTxtEmpty">
				<Property Key="NomalTexture" Value="GamePDK/mai3.png"/>
				<Property Key="PressTexture" Value="AutoPress"/>
				<Property Key="Pos" Value="1200 400"/>
				<Property Key="Scale" Value="0.9"/>
			</Widget>
            <Widget Name="HNMJButton_Msg" SkinTempName="ButtonTxtEmpty">
                <Property Key="NomalTexture" Value="GamePDK/liaotian-3.png"/>
                <Property Key="PressTexture" Value="AutoPress"/>
                <Property Key="Pos" Value="1200 300"/>
                <Property Key="Scale" Value="0.9"/>
            </Widget>
            <Widget Name="GameTypeScenceNode" SkinTempName="Empty">
            </Widget>
        </Widget>
		
		<Widget Name="FreeStateNode" SkinTempName="Empty">
			<Property Key="Pos" Value="640 240"/>
			<Property Key="Visible" Value="false"/>
			<Widget Name="PDKButton_Ready" SkinTempName="ButtonTxtEmpty">
				<Property Key="ShowTxt" Value="准 备"/>
			</Widget>
		</Widget>
		
		<Widget Name="GameResoult2" SkinTempName="Empty">
			<Property Key="Pos" Value="640 320"/>
			<Property Key="Visible" Value="false"/>
			<Widget SkinTempName="BtnFullEmpty">
			</Widget>
			<Widget SkinTempName="public_9sprite">
				<Property Key="ImagicTexture" Value="GamePDK/GameResoultBack.png"/>
				<Property Key="Size" Value="1000 600"/>
			</Widget>
			
			<Widget SkinTempName="public_9sprite">
				<Property Key="ImagicTexture" Value="GamePDK/GameResoultBack1.png"/>
				<Property Key="Size" Value="1000 500"/>
				<Property Key="Pos" Value="0 -50"/>
			</Widget>
			<Widget SkinTempName="public_9sprite">
				<Property Key="ImagicTexture" Value="GamePDK/GameResoultScoreBack.png"/>
				<Property Key="Size" Value="970 60"/>
				<Property Key="Pos" Value="0 160"/>
			</Widget>
			<Widget Name="WinTitle" SkinTempName="ImagicEmpty">
				<Property Key="ImagicTexture" Value="GamePDK/WinBack.png"/>
				<Property Key="Pos" Value="0 280"/>
			</Widget>
			<Widget Name="LoseTitle" SkinTempName="ImagicEmpty">
				<Property Key="ImagicTexture" Value="GamePDK/LoseBack.png"/>
				<Property Key="Pos" Value="0 280"/>
			</Widget>
			<Widget Name="" SkinTempName="ImagicEmpty">
				<Property Key="ImagicTexture" Value="GamePDK/Line.png"/>
				<Property Key="Pos" Value="-242 160"/>
				<Property Key="Scale" Value="1.5"/>
			</Widget>
			<Widget Name="" SkinTempName="ImagicEmpty">
				<Property Key="ImagicTexture" Value="GamePDK/Line.png"/>
				<Property Key="Pos" Value="1 160"/>
				<Property Key="Scale" Value="1.5"/>
			</Widget>
			<Widget Name="" SkinTempName="ImagicEmpty">
				<Property Key="ImagicTexture" Value="GamePDK/Line.png"/>
				<Property Key="Pos" Value="244 160"/>
				<Property Key="Scale" Value="1.5"/>
			</Widget>

			<Widget Name="" SkinTempName="ImagicEmpty">
				<Property Key="ImagicTexture" Value="GamePDK/wanjia1.png"/>
				<Property Key="Pos" Value="-370 160"/>
				<Property Key="Scale" Value="1.2"/>
			</Widget>
			
			<Widget Name="" SkinTempName="ImagicEmpty">
				<Property Key="ImagicTexture" Value="GamePDK/shengpai1.png"/>
				<Property Key="Pos" Value="-120 160"/>
				<Property Key="Scale" Value="0.9"/>
			</Widget>
			<Widget Name="" SkinTempName="ImagicEmpty">
				<Property Key="ImagicTexture" Value="GamePDK/zhadan1.png"/>
				<Property Key="Pos" Value="120 165"/>
				<Property Key="Scale" Value="0.9"/>
			</Widget>
			<Widget Name="" SkinTempName="ImagicEmpty">
				<Property Key="ImagicTexture" Value="GamePDK/jifen1.png"/>
				<Property Key="Pos" Value="370 165"/>
				<Property Key="Scale" Value="0.9"/>
			</Widget>
			
			<Widget Name="EndInfoListView" SkinTempName="List">
				<Property Key="Size" Value="950 335"/>
				<Property Key="Pos" Value="-475 -210"/>
				<Property Key="HideBack" Value=""/>
				<Widget SkinTempName="PDKGameResoultNode">
				</Widget>
				<Widget SkinTempName="PDKGameResoultNode">
				</Widget>
				<Widget SkinTempName="PDKGameResoultNode">
				</Widget>
			</Widget>
			
			<Widget SkinTempName="Button_Close">
				<Property Key="Pos" Value="490 290"/>
				<Action Key="Hide" Value="GameResoult2"/>
			</Widget>
			
			<Widget Name="PDKButton_OnceAgain" SkinTempName="ButtonTxtEmpty">
				<Property Key="ShowTxt" Value="再来一局"/>
				<Property Key="Pos" Value="0 -220"/>
				<Action Key="Hide" Value="GameResoult2"/>
			</Widget>
		</Widget>
		
		
	</Widget>
 </root>
