﻿ <root>
	<WidgetNodeUI Name="HNMJGameTalkListItem">
		<Property Key="Size" Value="500 65"/>
		<WidgetButton Name="Button_TalkDefine" NomalTexture="GamePDK/Talk/chat_fix_msg_bar.png" PressTexture="AutoPress">
			<Property Key="Pos" Value="300 30"/>
		</WidgetButton>
		<WidgetTxt Name="TalkListItemTxt" ShowTxt="1000" FontName="" FontSize="30">
			<Property Key="ShowTxt" Value="这是什么手咯，简直是.."/>
			<Property Key="Pos" Value="30 30"/>
			<Property Key="Color" Value="70 20 20"/>
			<Property Key="AnchorPos" Value="0 0.5"/>
		</WidgetTxt>
	</WidgetNodeUI>
	<WidgetEdit Name="HNMJGameTalkEdit" BackTexture="UI/Empty.png" Size="400 60" ShowTxt="输入内容">
		<Property Key="FontSize" Value="35"/>
	</WidgetEdit>
	<WidgetNode Name="HNMJTalkBiaoQing">
		<WidgetButton Name="HNMJButton_BiaoQing0" NomalTexture="GamePDK/Talk/EE0.png" PressTexture="AutoPress">
			<Property Key="Pos" Value="-245 0"/>
		</WidgetButton>
		<WidgetButton Name="HNMJButton_BiaoQing1" NomalTexture="GamePDK/Talk/EE0.png" PressTexture="AutoPress">
			<Property Key="Pos" Value="-175 0"/>
		</WidgetButton>
		<WidgetButton Name="HNMJButton_BiaoQing2" NomalTexture="GamePDK/Talk/EE0.png" PressTexture="AutoPress">
			<Property Key="Pos" Value="-105 0"/>
		</WidgetButton>
		<WidgetButton Name="HNMJButton_BiaoQing3" NomalTexture="GamePDK/Talk/EE0.png" PressTexture="AutoPress">
			<Property Key="Pos" Value="-35 0"/>
		</WidgetButton>
		<WidgetButton Name="HNMJButton_BiaoQing4" NomalTexture="GamePDK/Talk/EE0.png" PressTexture="AutoPress">
			<Property Key="Pos" Value="35 0"/>
		</WidgetButton>
		<WidgetButton Name="HNMJButton_BiaoQing5" NomalTexture="GamePDK/Talk/EE0.png" PressTexture="AutoPress">
			<Property Key="Pos" Value="105 0"/>
		</WidgetButton>
		<WidgetButton Name="HNMJButton_BiaoQing6" NomalTexture="GamePDK/Talk/EE0.png" PressTexture="AutoPress">
			<Property Key="Pos" Value="175 0"/>
		</WidgetButton>
		<WidgetButton Name="HNMJButton_BiaoQing7" NomalTexture="GamePDK/Talk/EE0.png" PressTexture="AutoPress">
			<Property Key="Pos" Value="245 0"/>
		</WidgetButton>
	</WidgetNode>
 </root>
